{
  "site_name": "3Core Solutions",
  "brand_color": "#0ea5e9",
  "hero": {
    "headline": "IT die wél werkt",
    "subheadline": "Cloud, security en integraties voor MKB – zonder gedoe."
  },
  "cta": {
    "text": "Plan een call",
    "href": "mailto:info@3coresolutions.nl"
  },
  "sections": [
    {
      "id": "diensten",
      "title": "Diensten",
      "content": "Cloud migraties, integraties, beheer en support."
    },
    {
      "id": "cases",
      "title": "Cases",
      "content": "Resultaten bij klanten in retail en zorg."
    },
    {
      "id": "contact",
      "title": "Contact",
      "content": "Binnen 24 uur reactie."
    }
  ],
  "pages": [
    {
      "slug": "privacy",
      "title": "Privacy",
      "html": "<h1>Privacy</h1><p>Je data is veilig.</p>"
    }
  ]
}